11:00 AM,11:07 AM,,11:14 AM,11:19 AM,11:21 AM
11:28 AM,11:35 AM,,11:42 AM,11:47 AM,11:49 AM
11:56 AM,12:03 PM,,12:10 PM,12:15 PM,12:17 PM
12:24 PM,12:31 PM,,12:38 PM,12:43 PM,12:45 PM
12:52 PM,12:59 PM,,1:06 PM,1:11 PM,1:13 PM
1:20 PM,1:27 PM,,1:34 PM,1:39 PM,1:41 PM
2:03 PM,2:10 PM,,2:17 PM,2:22 PM,2:24 PM
2:31 PM,2:38 PM,,2:45 PM,2:50 PM,2:52 PM
2:59 PM,3:06 PM,,3:13 PM,3:18 PM,3:20 PM
3:27 PM,3:34 PM,,3:41 PM,3:46 PM,3:48 PM
3:55 PM,4:02 PM,,4:09 PM,4:14 PM,4:16 PM
4:12 PM,4:19 PM,,4:26 PM,4:31 PM,4:33 PM
4:23 PM,4:30 PM,,4:37 PM,4:42 PM,4:44 PM
4:40 PM,4:47 PM,,4:54 PM,4:59 PM,5:01 PM
5:06 PM,5:13 PM,,5:20 PM,5:25 PM,5:27 PM
5:08 PM,5:15 PM,,5:22 PM,5:27 PM,5:29 PM
5:34 PM,5:41 PM,,5:48 PM,5:53 PM,5:55 PM
5:36 PM,5:43 PM,,5:50 PM,5:55 PM,5:57 PM
6:04 PM,6:11 PM,,6:18 PM,6:23 PM,6:25 PM
6:05 PM,6:12 PM,,6:19 PM,6:24 PM,6:26 PM
6:33 PM,6:40 PM,,6:47 PM,6:52 PM,6:54 PM
6:47 PM,6:54 PM,,7:01 PM,7:06 PM,7:08 PM
7:01 PM,7:08 PM,,7:15 PM,7:20 PM,7:31 PM
7:15 PM,7:22 PM,,7:29 PM,7:34 PM,7:36 PM
7:38 PM,7:45 PM,,7:52 PM,7:57 PM,7:59 PM
7:43 PM,7:50 PM,,7:57 PM,8:02 PM,8:04 PM
8:05 PM,8:12 PM,,8:19 PM,8:24 PM,8:26 PM
8:11 PM,8:18 PM,,8:25 PM,8:30 PM,8:32 PM
8:32 PM,8:39 PM,,8:46 PM,8:51 PM,8:53 PM
8:39 PM,8:46 PM,,8:53 PM,8:58 PM,9:00 PM
9:07 PM,9:14 PM,,9:21 PM,9:26 PM,9:28 PM
9:31 PM,9:38 PM,,9:45 PM,9:50 PM,9:52 PM
9:50 PM,9:57 PM,,10:04 PM,10:09 PM,10:11 PM
9:58 PM,10:05 PM,,10:12 PM,12:17 PM,10:19 PM
10:18 PM,10:25 PM,,10:32 PM,10:37 PM,10:39 PM
10:25 PM,10:32 PM,,10:39 PM,10:44 PM,10:46 PM
10:46 PM,10:53 PM,,11:00 PM,,
10:53 PM,11:00 PM,,11:07 PM,11:11 PM,11:13 PM
11:19 PM,11:26 PM,,11:33 PM,11:37 PM,11:39 PM
11:45 PM,11:52 PM,,11:59 PM,12:03 AM,12:05 AM
12:27 AM,12:32 AM,,12:38 AM,12:22 AM,12:44 AM
12:49 AM,12:54 AM,,1:00 AM,1:04 AM,1:06 AM
1:10 AM,1:15 AM,,1:21 AM,1:25 AM,1:27 AM
1:30 AM,1:35 AM,,1:41 AM,1:45 AM,1:47 AM
1:49 AM,1:54 AM,,2:00 AM,,
